"clinic_id","total_patients","n_diabetes","prop_diabetes","n_hypertension","prop_hypertension","n_both"
1,506,257,0.507905138339921,261,0.515810276679842,131
2,494,246,0.497975708502024,254,0.51417004048583,130
