"age_band","n","htn_count","htn_prop"
"30-44",237,123,0.518987341772152
"45-59",232,119,0.512931034482759
"<30",183,96,0.524590163934426
"60+",348,177,0.508620689655172
