"clinic_id","n_patients","n_diabetes","prop_diabetes"
1,506,257,0.507905138339921
2,494,246,0.497975708502024
